page_or_group,visits_before,visits_after,delta,change_pct,solution_visits_after,next_visits_after
/?topic=7.5,29.0,1.0,-28.0,-96.55172413793103,0.0,0.0
/physics?topic=kinematics,25.0,3.0,-22.0,-88.0,1.0,2.0
/physics?topic=1.1,27.0,7.0,-20.0,-74.07407407407408,3.0,1.0
/physics,28.0,13.0,-15.0,-53.57142857142857,2.0,0.0
/physics?topic=measurement.direct,14.0,1.0,-13.0,-92.85714285714286,0.0,0.0
/?topic=1.3,14.0,1.0,-13.0,-92.85714285714286,0.0,0.0
/?topic=2.3,12.0,1.0,-11.0,-91.66666666666666,0.0,1.0
/?topic=plane.triangles,11.0,2.0,-9.0,-81.81818181818181,1.0,2.0
/?topic=all,13.0,4.0,-9.0,-69.23076923076923,1.0,2.0
/physics?topic=dynamics.forces,14.0,6.0,-8.0,-57.14285714285714,1.0,3.0
/stereometry,10.0,2.0,-8.0,-80.0,1.0,0.0
/?topic=2.1,9.0,1.0,-8.0,-88.88888888888889,1.0,1.0
/physics/part-2,15.0,8.0,-7.0,-46.666666666666664,3.0,4.0
/physics?topic=3.2,7.0,0.0,-7.0,-100.0,0.0,0.0
/physics?topic=magnetism.induction,9.0,3.0,-6.0,-66.66666666666667,0.0,0.0
/physics?topic=kinematics.motion,6.0,0.0,-6.0,-100.0,0.0,0.0
/?topic=4.1,5.0,0.0,-5.0,-100.0,0.0,0.0
/tasks/5FCD16,6.0,1.0,-5.0,-83.33333333333334,0.0,0.0
/?topic=solid.polyhedra,7.0,3.0,-4.0,-57.14285714285714,1.0,1.0
/ege/physics,5.0,1.0,-4.0,-80.0,1.0,0.0
/physics?topic=3.4,12.0,9.0,-3.0,-25.0,1.0,2.0
/tasks/6F97FE,8.0,7.0,-1.0,-12.5,6.0,1.0
/?topic=2.2,5.0,5.0,0.0,0.0,2.0,5.0
/?topic=basic-equations.logarithms,3.0,6.0,3.0,100.0,1.0,4.0
/?topic=6,19.0,24.0,5.0,26.315789473684205,4.0,8.0
/physics?topic=mechanics-change.changes,0.0,5.0,5.0,,3.0,1.0
/physics?topic=mechanics-analysis.graphs,1.0,7.0,6.0,600.0,1.0,1.0
/physics/part-2?topic=1.1,0.0,6.0,6.0,,1.0,2.0
/tasks/F717A0,0.0,6.0,6.0,,1.0,0.0
/tasks/E09B75,0.0,6.0,6.0,,2.0,0.0
/?topic=vectors,10.0,17.0,7.0,70.0,8.0,11.0
/tasks/80AEFA,1.0,8.0,7.0,700.0,5.0,0.0
/?topic=solid,1.0,8.0,7.0,700.0,2.0,3.0
/physics/part-2?topic=all,0.0,7.0,7.0,,3.0,4.0
/tasks/E24F06,0.0,7.0,7.0,,4.0,0.0
